video_id,path
v0001,/Users/alibaba/Documents/APPLOVIN_CAL_HACKS_VIDEO/ads/v0001.mp4
v0002,/Users/alibaba/Documents/APPLOVIN_CAL_HACKS_VIDEO/ads/v0002.mp4
v0003,/Users/alibaba/Documents/APPLOVIN_CAL_HACKS_VIDEO/ads/v0003.mp4
v0004,/Users/alibaba/Documents/APPLOVIN_CAL_HACKS_VIDEO/ads/v0004.mp4
v0005,/Users/alibaba/Documents/APPLOVIN_CAL_HACKS_VIDEO/ads/v0005.mp4
v0006,/Users/alibaba/Documents/APPLOVIN_CAL_HACKS_VIDEO/ads/v0006.mp4
v0007,/Users/alibaba/Documents/APPLOVIN_CAL_HACKS_VIDEO/ads/v0007.mp4
v0008,/Users/alibaba/Documents/APPLOVIN_CAL_HACKS_VIDEO/ads/v0008.mp4
v0009,/Users/alibaba/Documents/APPLOVIN_CAL_HACKS_VIDEO/ads/v0009.mp4
v0010,/Users/alibaba/Documents/APPLOVIN_CAL_HACKS_VIDEO/ads/v0010.mp4
v0011,/Users/alibaba/Documents/APPLOVIN_CAL_HACKS_VIDEO/ads/v0011.mp4
v0012,/Users/alibaba/Documents/APPLOVIN_CAL_HACKS_VIDEO/ads/v0012.mp4
v0013,/Users/alibaba/Documents/APPLOVIN_CAL_HACKS_VIDEO/ads/v0013.mp4
v0014,/Users/alibaba/Documents/APPLOVIN_CAL_HACKS_VIDEO/ads/v0014.mp4
v0015,/Users/alibaba/Documents/APPLOVIN_CAL_HACKS_VIDEO/ads/v0015.mp4
v0016,/Users/alibaba/Documents/APPLOVIN_CAL_HACKS_VIDEO/ads/v0016.mp4
v0017,/Users/alibaba/Documents/APPLOVIN_CAL_HACKS_VIDEO/ads/v0017.mp4
v0018,/Users/alibaba/Documents/APPLOVIN_CAL_HACKS_VIDEO/ads/v0018.mp4
v0019,/Users/alibaba/Documents/APPLOVIN_CAL_HACKS_VIDEO/ads/v0019.mp4
v0020,/Users/alibaba/Documents/APPLOVIN_CAL_HACKS_VIDEO/ads/v0020.mp4
v0021,/Users/alibaba/Documents/APPLOVIN_CAL_HACKS_VIDEO/ads/v0021.mp4
v0022,/Users/alibaba/Documents/APPLOVIN_CAL_HACKS_VIDEO/ads/v0022.mp4
v0023,/Users/alibaba/Documents/APPLOVIN_CAL_HACKS_VIDEO/ads/v0023.mp4
